zone_id,latitude,longitude,date,precipitation,temperature_max,temperature_min,flood_risk,flood_risk_category,drought_risk,drought_risk_category,week_number
Paris,48.8566,2.3522,2026-02-11,11.5,13.5,10.8,1.0,High,0.0,Low,1
Paris,48.8566,2.3522,2026-02-12,6.3,12.4,9.4,1.0,High,0.0,Low,1
Paris,48.8566,2.3522,2026-02-13,6.08,9.3,2.2,1.0,High,0.0,Low,1
Paris,48.8566,2.3522,2026-02-14,0.1,6.7,-0.0,0.03125,Low,0.96875,High,1
Paris,48.8566,2.3522,2026-02-15,10.6,6.2,0.6,1.0,High,0.0,Low,1
Paris,48.8566,2.3522,2026-02-16,1.7,10.5,6.8,0.53125,Medium,0.46875,Medium,1
Paris,48.8566,2.3522,2026-02-17,0.7,8.6,4.9,0.2187499999999999,Low,0.78125,High,1
London,51.5074,-0.1278,2026-02-11,4.4,12.4,9.6,1.0,High,0.0,Low,1
London,51.5074,-0.1278,2026-02-12,1.8,10.1,7.6,0.5625,Medium,0.4375,Medium,1
London,51.5074,-0.1278,2026-02-13,1.35,7.6,1.0,0.421875,Medium,0.578125,Medium,1
London,51.5074,-0.1278,2026-02-14,0.0,6.4,-0.3,0.0,Low,1.0,High,1
London,51.5074,-0.1278,2026-02-15,4.5,11.7,2.8,1.0,High,0.0,Low,1
London,51.5074,-0.1278,2026-02-16,0.0,10.0,4.9,0.0,Low,1.0,High,1
London,51.5074,-0.1278,2026-02-17,0.0,6.6,2.4,0.0,Low,1.0,High,1
Berlin,52.52,13.405,2026-02-11,2.1,8.1,2.0,0.65625,Medium,0.34375,Medium,1
Berlin,52.52,13.405,2026-02-12,8.2,8.5,5.4,1.0,High,0.0,Low,1
Berlin,52.52,13.405,2026-02-13,3.03,6.8,0.6,0.946875,High,0.053125,Low,1
Berlin,52.52,13.405,2026-02-14,0.1,0.3,-3.0,0.03125,Low,0.96875,High,1
Berlin,52.52,13.405,2026-02-15,0.0,-1.0,-3.9,0.0,Low,1.0,High,1
Berlin,52.52,13.405,2026-02-16,2.6,1.7,-2.4,0.8125,High,0.1875,Low,1
Berlin,52.52,13.405,2026-02-17,5.4,5.4,1.8,1.0,High,0.0,Low,1
Rome,41.9028,12.4964,2026-02-11,4.1,15.0,9.8,1.0,High,0.0,Low,1
Rome,41.9028,12.4964,2026-02-12,21.0,14.3,8.8,1.0,High,0.0,Low,1
Rome,41.9028,12.4964,2026-02-13,0.5,16.1,6.1,0.15625,Low,0.84375,High,1
Rome,41.9028,12.4964,2026-02-14,28.2,13.8,11.6,1.0,High,0.0,Low,1
Rome,41.9028,12.4964,2026-02-15,2.8,15.5,6.2,0.8749999999999999,High,0.1250000000000001,Low,1
Rome,41.9028,12.4964,2026-02-16,0.3,10.9,4.7,0.0937499999999999,Low,0.90625,High,1
Rome,41.9028,12.4964,2026-02-17,0.0,14.5,1.1,0.0,Low,1.0,High,1
Madrid,40.4168,-3.7038,2026-02-11,2.7,14.1,10.4,0.84375,High,0.15625,Low,1
Madrid,40.4168,-3.7038,2026-02-12,0.0,12.0,6.7,0.0,Low,1.0,High,1
Madrid,40.4168,-3.7038,2026-02-13,13.1,12.2,6.9,1.0,High,0.0,Low,1
Madrid,40.4168,-3.7038,2026-02-14,0.0,8.5,3.2,0.0,Low,1.0,High,1
Madrid,40.4168,-3.7038,2026-02-15,0.0,12.5,2.7,0.0,Low,1.0,High,1
Madrid,40.4168,-3.7038,2026-02-16,0.0,13.7,6.5,0.0,Low,1.0,High,1
Madrid,40.4168,-3.7038,2026-02-17,0.0,11.1,6.1,0.0,Low,1.0,High,1
Lisbon,38.7169,-9.139,2026-02-11,5.6,16.2,14.4,1.0,High,0.0,Low,1
Lisbon,38.7169,-9.139,2026-02-12,6.8,15.7,12.4,1.0,High,0.0,Low,1
Lisbon,38.7169,-9.139,2026-02-13,6.5,15.2,11.1,1.0,High,0.0,Low,1
Lisbon,38.7169,-9.139,2026-02-14,0.0,13.4,9.2,0.0,Low,1.0,High,1
Lisbon,38.7169,-9.139,2026-02-15,0.0,15.4,8.5,0.0,Low,1.0,High,1
Lisbon,38.7169,-9.139,2026-02-16,0.0,14.7,11.8,0.0,Low,1.0,High,1
Lisbon,38.7169,-9.139,2026-02-17,0.2,14.2,13.3,0.0625,Low,0.9375,High,1
Vienna,48.2082,16.3738,2026-02-11,0.6,10.2,2.8,0.1874999999999999,Low,0.8125,High,1
Vienna,48.2082,16.3738,2026-02-12,1.0,9.9,3.8,0.3125,Medium,0.6875,Medium,1
Vienna,48.2082,16.3738,2026-02-13,0.4,11.3,3.8,0.125,Low,0.875,High,1
Vienna,48.2082,16.3738,2026-02-14,7.6,6.1,0.1,1.0,High,0.0,Low,1
Vienna,48.2082,16.3738,2026-02-15,0.2,0.5,-2.3,0.0625,Low,0.9375,High,1
Vienna,48.2082,16.3738,2026-02-16,0.6,1.4,-3.2,0.1874999999999999,Low,0.8125,High,1
Vienna,48.2082,16.3738,2026-02-17,0.6,6.6,1.6,0.1874999999999999,Low,0.8125,High,1
Amsterdam,52.3676,4.9041,2026-02-11,7.9,9.5,5.6,1.0,High,0.0,Low,1
Amsterdam,52.3676,4.9041,2026-02-12,1.4,8.8,5.6,0.4374999999999999,Medium,0.5625,Medium,1
Amsterdam,52.3676,4.9041,2026-02-13,0.0,4.9,0.5,0.0,Low,1.0,High,1
Amsterdam,52.3676,4.9041,2026-02-14,1.9,4.9,-0.7,0.5937499999999999,Medium,0.4062500000000001,Medium,1
Amsterdam,52.3676,4.9041,2026-02-15,1.8,3.0,-0.9,0.5625,Medium,0.4375,Medium,1
Amsterdam,52.3676,4.9041,2026-02-16,4.8,7.1,2.2,1.0,High,0.0,Low,1
Amsterdam,52.3676,4.9041,2026-02-17,1.0,7.1,3.3,0.3125,Medium,0.6875,Medium,1
Brussels,50.8503,4.3517,2026-02-11,9.1,11.0,9.7,1.0,High,0.0,Low,1
Brussels,50.8503,4.3517,2026-02-12,13.8,11.3,7.9,1.0,High,0.0,Low,1
Brussels,50.8503,4.3517,2026-02-13,4.6,8.2,2.0,1.0,High,0.0,Low,1
Brussels,50.8503,4.3517,2026-02-14,0.03,3.9,-1.6,0.009375,Low,0.990625,High,1
Brussels,50.8503,4.3517,2026-02-15,1.5,2.8,-1.0,0.46875,Medium,0.53125,Medium,1
Brussels,50.8503,4.3517,2026-02-16,2.4,8.6,2.8,0.7499999999999999,High,0.2500000000000001,Low,1
Brussels,50.8503,4.3517,2026-02-17,1.2,6.8,2.8,0.3749999999999999,Medium,0.625,Medium,1
Warsaw,52.2297,21.0122,2026-02-11,0.0,4.9,-1.5,0.0,Low,1.0,High,1
Warsaw,52.2297,21.0122,2026-02-12,2.0,4.1,1.1,0.625,Medium,0.375,Medium,1
Warsaw,52.2297,21.0122,2026-02-13,3.4,4.9,1.0,1.0,High,0.0,Low,1
Warsaw,52.2297,21.0122,2026-02-14,0.0,0.9,-2.2,0.0,Low,1.0,High,1
Warsaw,52.2297,21.0122,2026-02-15,0.0,-2.0,-9.9,0.0,Low,1.0,High,1
Warsaw,52.2297,21.0122,2026-02-16,0.0,-3.5,-12.5,0.0,Low,1.0,High,1
Warsaw,52.2297,21.0122,2026-02-17,0.0,-4.8,-11.6,0.0,Low,1.0,High,1
Prague,50.0755,14.4378,2026-02-11,3.9,8.0,2.6,1.0,High,0.0,Low,1
Prague,50.0755,14.4378,2026-02-12,1.4,11.2,5.2,0.4374999999999999,Medium,0.5625,Medium,1
Prague,50.0755,14.4378,2026-02-13,0.58,8.9,3.5,0.1812499999999999,Low,0.8187500000000001,High,1
Prague,50.0755,14.4378,2026-02-14,2.0,3.2,-2.3,0.625,Medium,0.375,Medium,1
Prague,50.0755,14.4378,2026-02-15,0.0,-0.7,-3.5,0.0,Low,1.0,High,1
Prague,50.0755,14.4378,2026-02-16,3.0,2.4,-2.3,0.9375,High,0.0625,Low,1
Prague,50.0755,14.4378,2026-02-17,0.9,5.5,1.2,0.28125,Low,0.71875,High,1
Budapest,47.4979,19.0402,2026-02-11,1.7,5.4,1.8,0.53125,Medium,0.46875,Medium,1
Budapest,47.4979,19.0402,2026-02-12,1.5,10.5,5.4,0.46875,Medium,0.53125,Medium,1
Budapest,47.4979,19.0402,2026-02-13,0.0,11.2,3.2,0.0,Low,1.0,High,1
Budapest,47.4979,19.0402,2026-02-14,0.0,11.7,0.3,0.0,Low,1.0,High,1
Budapest,47.4979,19.0402,2026-02-15,2.1,6.2,-1.2,0.65625,Medium,0.34375,Medium,1
Budapest,47.4979,19.0402,2026-02-16,0.0,1.9,-2.2,0.0,Low,1.0,High,1
Budapest,47.4979,19.0402,2026-02-17,0.0,1.6,-2.8,0.0,Low,1.0,High,1
Athens,37.9838,23.7275,2026-02-11,3.1,15.1,8.8,0.96875,High,0.03125,Low,1
Athens,37.9838,23.7275,2026-02-12,6.1,18.3,11.8,1.0,High,0.0,Low,1
Athens,37.9838,23.7275,2026-02-13,0.0,16.8,10.6,0.0,Low,1.0,High,1
Athens,37.9838,23.7275,2026-02-14,0.0,18.6,10.0,0.0,Low,1.0,High,1
Athens,37.9838,23.7275,2026-02-15,0.9,19.0,14.4,0.28125,Low,0.71875,High,1
Athens,37.9838,23.7275,2026-02-16,0.0,16.7,8.7,0.0,Low,1.0,High,1
Athens,37.9838,23.7275,2026-02-17,1.8,14.2,9.4,0.5625,Medium,0.4375,Medium,1
Stockholm,59.3293,18.0686,2026-02-11,0.8,-2.6,-6.0,0.25,Low,0.75,High,1
Stockholm,59.3293,18.0686,2026-02-12,0.0,-2.4,-8.0,0.0,Low,1.0,High,1
Stockholm,59.3293,18.0686,2026-02-13,0.1,-2.7,-8.8,0.03125,Low,0.96875,High,1
Stockholm,59.3293,18.0686,2026-02-14,0.0,-4.7,-10.1,0.0,Low,1.0,High,1
Stockholm,59.3293,18.0686,2026-02-15,0.0,-10.1,-13.4,0.0,Low,1.0,High,1
Stockholm,59.3293,18.0686,2026-02-16,0.0,-2.5,-15.9,0.0,Low,1.0,High,1
Stockholm,59.3293,18.0686,2026-02-17,0.0,-2.3,-3.3,0.0,Low,1.0,High,1
Oslo,59.9139,10.7522,2026-02-11,0.0,-1.2,-6.9,0.0,Low,1.0,High,1
Oslo,59.9139,10.7522,2026-02-12,0.0,-5.5,-10.0,0.0,Low,1.0,High,1
Oslo,59.9139,10.7522,2026-02-13,0.0,-5.5,-14.3,0.0,Low,1.0,High,1
Oslo,59.9139,10.7522,2026-02-14,0.0,-11.4,-18.8,0.0,Low,1.0,High,1
Oslo,59.9139,10.7522,2026-02-15,0.0,-6.4,-18.0,0.0,Low,1.0,High,1
Oslo,59.9139,10.7522,2026-02-16,0.6,-3.6,-7.8,0.1874999999999999,Low,0.8125,High,1
Oslo,59.9139,10.7522,2026-02-17,0.3,-1.2,-6.9,0.0937499999999999,Low,0.90625,High,1
Helsinki,60.1695,24.9354,2026-02-11,4.8,-2.8,-4.1,1.0,High,0.0,Low,1
Helsinki,60.1695,24.9354,2026-02-12,1.8,-4.2,-6.2,0.5625,Medium,0.4375,Medium,1
Helsinki,60.1695,24.9354,2026-02-13,0.0,-6.6,-11.8,0.0,Low,1.0,High,1
Helsinki,60.1695,24.9354,2026-02-14,0.7,-10.7,-12.6,0.2187499999999999,Low,0.78125,High,1
Helsinki,60.1695,24.9354,2026-02-15,0.0,-11.0,-20.6,0.0,Low,1.0,High,1
Helsinki,60.1695,24.9354,2026-02-16,0.0,-5.0,-21.8,0.0,Low,1.0,High,1
Helsinki,60.1695,24.9354,2026-02-17,0.0,-5.1,-10.9,0.0,Low,1.0,High,1
Copenhagen,55.6761,12.5683,2026-02-11,0.2,1.6,0.1,0.0625,Low,0.9375,High,1
Copenhagen,55.6761,12.5683,2026-02-12,1.2,1.1,-0.2,0.3749999999999999,Medium,0.625,Medium,1
Copenhagen,55.6761,12.5683,2026-02-13,0.4,0.4,-2.1,0.125,Low,0.875,High,1
Copenhagen,55.6761,12.5683,2026-02-14,0.0,-2.6,-7.2,0.0,Low,1.0,High,1
Copenhagen,55.6761,12.5683,2026-02-15,0.0,-0.6,-8.5,0.0,Low,1.0,High,1
Copenhagen,55.6761,12.5683,2026-02-16,0.0,0.0,-1.8,0.0,Low,1.0,High,1
Copenhagen,55.6761,12.5683,2026-02-17,1.2,-0.3,-2.2,0.3749999999999999,Medium,0.625,Medium,1
Dublin,53.3331,-6.2489,2026-02-11,5.9,10.8,8.4,1.0,High,0.0,Low,1
Dublin,53.3331,-6.2489,2026-02-12,8.4,8.8,5.5,1.0,High,0.0,Low,1
Dublin,53.3331,-6.2489,2026-02-13,1.2,6.2,0.6,0.3749999999999999,Medium,0.625,Medium,1
Dublin,53.3331,-6.2489,2026-02-14,3.1,7.3,-0.4,0.96875,High,0.03125,Low,1
Dublin,53.3331,-6.2489,2026-02-15,1.5,9.5,5.5,0.46875,Medium,0.53125,Medium,1
Dublin,53.3331,-6.2489,2026-02-16,0.0,9.1,4.8,0.0,Low,1.0,High,1
Dublin,53.3331,-6.2489,2026-02-17,27.9,5.4,2.4,1.0,High,0.0,Low,1
Moscow,55.7558,37.6173,2026-02-11,1.6,-5.8,-15.9,0.5,Medium,0.5,Medium,1
Moscow,55.7558,37.6173,2026-02-12,4.2,-2.8,-6.3,1.0,High,0.0,Low,1
Moscow,55.7558,37.6173,2026-02-13,5.8,-0.2,-2.6,1.0,High,0.0,Low,1
Moscow,55.7558,37.6173,2026-02-14,8.5,0.8,-0.2,1.0,High,0.0,Low,1
Moscow,55.7558,37.6173,2026-02-15,1.1,1.2,-4.9,0.34375,Medium,0.65625,Medium,1
Moscow,55.7558,37.6173,2026-02-16,3.5,-2.5,-12.0,1.0,High,0.0,Low,1
Moscow,55.7558,37.6173,2026-02-17,0.1,-8.8,-14.4,0.03125,Low,0.96875,High,1
Istanbul,41.0082,28.9784,2026-02-11,0.0,9.4,6.4,0.0,Low,1.0,High,1
Istanbul,41.0082,28.9784,2026-02-12,2.7,15.0,7.7,0.84375,High,0.15625,Low,1
Istanbul,41.0082,28.9784,2026-02-13,2.7,15.2,10.6,0.84375,High,0.15625,Low,1
Istanbul,41.0082,28.9784,2026-02-14,1.6,14.9,8.5,0.5,Medium,0.5,Medium,1
Istanbul,41.0082,28.9784,2026-02-15,0.0,18.3,11.7,0.0,Low,1.0,High,1
Istanbul,41.0082,28.9784,2026-02-16,11.4,12.7,8.6,1.0,High,0.0,Low,1
Istanbul,41.0082,28.9784,2026-02-17,9.7,13.4,5.9,1.0,High,0.0,Low,1
New_York,40.7128,-74.006,2026-02-11,0.0,5.6,-0.9,0.0,Low,1.0,High,1
New_York,40.7128,-74.006,2026-02-12,0.0,0.7,-3.1,0.0,Low,1.0,High,1
New_York,40.7128,-74.006,2026-02-13,0.0,1.0,-7.0,0.0,Low,1.0,High,1
New_York,40.7128,-74.006,2026-02-14,0.0,3.9,-2.2,0.0,Low,1.0,High,1
New_York,40.7128,-74.006,2026-02-15,0.0,2.2,-0.5,0.0,Low,1.0,High,1
New_York,40.7128,-74.006,2026-02-16,0.0,2.9,-0.9,0.0,Low,1.0,High,1
New_York,40.7128,-74.006,2026-02-17,0.0,5.3,-0.2,0.0,Low,1.0,High,1
Los_Angeles,34.0522,-118.2437,2026-02-11,10.5,16.9,10.2,1.0,High,0.0,Low,1
Los_Angeles,34.0522,-118.2437,2026-02-12,0.0,17.0,8.2,0.0,Low,1.0,High,1
Los_Angeles,34.0522,-118.2437,2026-02-13,0.0,21.7,9.9,0.0,Low,1.0,High,1
Los_Angeles,34.0522,-118.2437,2026-02-14,0.0,20.0,14.2,0.0,Low,1.0,High,1
Los_Angeles,34.0522,-118.2437,2026-02-15,0.2,18.6,13.7,0.0625,Low,0.9375,High,1
Los_Angeles,34.0522,-118.2437,2026-02-16,15.1,15.6,12.1,1.0,High,0.0,Low,1
Los_Angeles,34.0522,-118.2437,2026-02-17,11.5,16.2,13.0,1.0,High,0.0,Low,1
Chicago,41.8781,-87.6298,2026-02-11,0.0,3.8,-2.0,0.0,Low,1.0,High,1
Chicago,41.8781,-87.6298,2026-02-12,0.0,0.3,-1.6,0.0,Low,1.0,High,1
Chicago,41.8781,-87.6298,2026-02-13,0.0,5.3,-2.7,0.0,Low,1.0,High,1
Chicago,41.8781,-87.6298,2026-02-14,0.0,6.6,0.4,0.0,Low,1.0,High,1
Chicago,41.8781,-87.6298,2026-02-15,0.0,9.0,1.1,0.0,Low,1.0,High,1
Chicago,41.8781,-87.6298,2026-02-16,0.0,7.3,0.6,0.0,Low,1.0,High,1
Chicago,41.8781,-87.6298,2026-02-17,0.0,10.4,2.0,0.0,Low,1.0,High,1
Toronto,43.6532,-79.3832,2026-02-11,0.1,1.2,-5.1,0.03125,Low,0.96875,High,1
Toronto,43.6532,-79.3832,2026-02-12,0.0,-5.3,-13.7,0.0,Low,1.0,High,1
Toronto,43.6532,-79.3832,2026-02-13,0.0,-0.6,-14.5,0.0,Low,1.0,High,1
Toronto,43.6532,-79.3832,2026-02-14,0.0,0.9,-2.4,0.0,Low,1.0,High,1
Toronto,43.6532,-79.3832,2026-02-15,0.1,-0.1,-2.9,0.03125,Low,0.96875,High,1
Toronto,43.6532,-79.3832,2026-02-16,0.0,1.2,-2.1,0.0,Low,1.0,High,1
Toronto,43.6532,-79.3832,2026-02-17,0.0,0.9,-0.5,0.0,Low,1.0,High,1
Mexico_City,19.4326,-99.1332,2026-02-11,0.0,26.1,9.6,0.0,Low,1.0,High,1
Mexico_City,19.4326,-99.1332,2026-02-12,0.0,25.4,9.0,0.0,Low,1.0,High,1
Mexico_City,19.4326,-99.1332,2026-02-13,0.0,25.3,8.2,0.0,Low,1.0,High,1
Mexico_City,19.4326,-99.1332,2026-02-14,0.3,26.0,12.4,0.0937499999999999,Low,0.90625,High,1
Mexico_City,19.4326,-99.1332,2026-02-15,0.0,23.8,12.6,0.0,Low,1.0,High,1
Mexico_City,19.4326,-99.1332,2026-02-16,0.6,24.9,11.5,0.1874999999999999,Low,0.8125,High,1
Mexico_City,19.4326,-99.1332,2026-02-17,0.3,25.1,13.1,0.0937499999999999,Low,0.90625,High,1
Vancouver,49.2827,-123.1207,2026-02-11,0.0,8.9,2.4,0.0,Low,1.0,High,1
Vancouver,49.2827,-123.1207,2026-02-12,0.0,9.5,2.4,0.0,Low,1.0,High,1
Vancouver,49.2827,-123.1207,2026-02-13,4.37,7.3,5.7,1.0,High,0.0,Low,1
Vancouver,49.2827,-123.1207,2026-02-14,1.1,6.5,4.5,0.34375,Medium,0.65625,Medium,1
Vancouver,49.2827,-123.1207,2026-02-15,0.0,6.5,2.8,0.0,Low,1.0,High,1
Vancouver,49.2827,-123.1207,2026-02-16,1.2,5.5,2.4,0.3749999999999999,Medium,0.625,Medium,1
Vancouver,49.2827,-123.1207,2026-02-17,0.2,8.5,3.8,0.0625,Low,0.9375,High,1
Montreal,45.5017,-73.5673,2026-02-11,0.6,-3.1,-9.0,0.1874999999999999,Low,0.8125,High,1
Montreal,45.5017,-73.5673,2026-02-12,0.0,-3.2,-8.9,0.0,Low,1.0,High,1
Montreal,45.5017,-73.5673,2026-02-13,0.0,-6.1,-18.5,0.0,Low,1.0,High,1
Montreal,45.5017,-73.5673,2026-02-14,1.9,-0.9,-13.1,0.5937499999999999,Medium,0.4062500000000001,Medium,1
Montreal,45.5017,-73.5673,2026-02-15,0.0,-8.8,-24.5,0.0,Low,1.0,High,1
Montreal,45.5017,-73.5673,2026-02-16,0.0,-4.6,-17.2,0.0,Low,1.0,High,1
Montreal,45.5017,-73.5673,2026-02-17,0.0,-0.0,-7.0,0.0,Low,1.0,High,1
San_Francisco,37.7749,-122.4194,2026-02-11,12.7,14.3,10.7,1.0,High,0.0,Low,1
San_Francisco,37.7749,-122.4194,2026-02-12,0.0,15.0,9.8,0.0,Low,1.0,High,1
San_Francisco,37.7749,-122.4194,2026-02-13,0.0,17.1,9.8,0.0,Low,1.0,High,1
San_Francisco,37.7749,-122.4194,2026-02-14,0.1,16.0,11.0,0.03125,Low,0.96875,High,1
San_Francisco,37.7749,-122.4194,2026-02-15,35.3,15.9,10.4,1.0,High,0.0,Low,1
San_Francisco,37.7749,-122.4194,2026-02-16,4.5,14.0,9.0,1.0,High,0.0,Low,1
San_Francisco,37.7749,-122.4194,2026-02-17,10.4,11.9,7.3,1.0,High,0.0,Low,1
Miami,25.7617,-80.1918,2026-02-11,0.0,23.7,14.5,0.0,Low,1.0,High,1
Miami,25.7617,-80.1918,2026-02-12,0.0,26.2,13.3,0.0,Low,1.0,High,1
Miami,25.7617,-80.1918,2026-02-13,1.2,24.2,16.1,0.3749999999999999,Medium,0.625,Medium,1
Miami,25.7617,-80.1918,2026-02-14,0.0,23.9,21.0,0.0,Low,1.0,High,1
Miami,25.7617,-80.1918,2026-02-15,0.4,24.7,22.4,0.125,Low,0.875,High,1
Miami,25.7617,-80.1918,2026-02-16,2.1,27.0,22.2,0.65625,Medium,0.34375,Medium,1
Miami,25.7617,-80.1918,2026-02-17,0.3,24.9,18.5,0.0937499999999999,Low,0.90625,High,1
Houston,29.7604,-95.3698,2026-02-11,0.1,22.8,16.9,0.03125,Low,0.96875,High,1
Houston,29.7604,-95.3698,2026-02-12,0.0,23.1,13.9,0.0,Low,1.0,High,1
Houston,29.7604,-95.3698,2026-02-13,0.0,26.5,15.6,0.0,Low,1.0,High,1
Houston,29.7604,-95.3698,2026-02-14,9.7,24.4,18.6,1.0,High,0.0,Low,1
Houston,29.7604,-95.3698,2026-02-15,0.0,19.4,15.7,0.0,Low,1.0,High,1
Houston,29.7604,-95.3698,2026-02-16,0.0,23.4,14.3,0.0,Low,1.0,High,1
Houston,29.7604,-95.3698,2026-02-17,0.0,24.4,14.7,0.0,Low,1.0,High,1
Rio_de_Janeiro,-22.9068,-43.1729,2026-02-11,0.4,30.6,25.3,0.125,Low,0.875,High,1
Rio_de_Janeiro,-22.9068,-43.1729,2026-02-12,0.4,35.3,26.0,0.125,Low,0.875,High,1
Rio_de_Janeiro,-22.9068,-43.1729,2026-02-13,0.0,36.2,25.1,0.0,Low,1.0,High,1
Rio_de_Janeiro,-22.9068,-43.1729,2026-02-14,0.0,37.3,24.9,0.0,Low,1.0,High,1
Rio_de_Janeiro,-22.9068,-43.1729,2026-02-15,0.0,33.8,23.1,0.0,Low,1.0,High,1
Rio_de_Janeiro,-22.9068,-43.1729,2026-02-16,0.0,34.8,24.0,0.0,Low,1.0,High,1
Rio_de_Janeiro,-22.9068,-43.1729,2026-02-17,0.0,37.1,24.0,0.0,Low,1.0,High,1
Sao_Paulo,-23.5505,-46.6333,2026-02-11,0.7,26.0,21.1,0.2187499999999999,Low,0.78125,High,1
Sao_Paulo,-23.5505,-46.6333,2026-02-12,0.8,29.6,20.7,0.25,Low,0.75,High,1
Sao_Paulo,-23.5505,-46.6333,2026-02-13,3.9,31.3,21.5,1.0,High,0.0,Low,1
Sao_Paulo,-23.5505,-46.6333,2026-02-14,1.8,31.2,21.6,0.5625,Medium,0.4375,Medium,1
Sao_Paulo,-23.5505,-46.6333,2026-02-15,0.6,30.6,21.6,0.1874999999999999,Low,0.8125,High,1
Sao_Paulo,-23.5505,-46.6333,2026-02-16,1.2,32.7,21.4,0.3749999999999999,Medium,0.625,Medium,1
Sao_Paulo,-23.5505,-46.6333,2026-02-17,4.5,32.4,21.7,1.0,High,0.0,Low,1
Buenos_Aires,-34.6037,-58.3816,2026-02-11,0.0,30.1,22.0,0.0,Low,1.0,High,1
Buenos_Aires,-34.6037,-58.3816,2026-02-12,0.0,31.0,18.7,0.0,Low,1.0,High,1
Buenos_Aires,-34.6037,-58.3816,2026-02-13,0.0,28.7,16.3,0.0,Low,1.0,High,1
Buenos_Aires,-34.6037,-58.3816,2026-02-14,0.0,27.2,18.6,0.0,Low,1.0,High,1
Buenos_Aires,-34.6037,-58.3816,2026-02-15,6.0,26.1,21.5,1.0,High,0.0,Low,1
Buenos_Aires,-34.6037,-58.3816,2026-02-16,0.0,33.6,20.6,0.0,Low,1.0,High,1
Buenos_Aires,-34.6037,-58.3816,2026-02-17,35.4,33.4,23.6,1.0,High,0.0,Low,1
Lima,-12.0464,-77.0428,2026-02-11,0.0,25.0,22.0,0.0,Low,1.0,High,1
Lima,-12.0464,-77.0428,2026-02-12,0.0,24.8,21.9,0.0,Low,1.0,High,1
Lima,-12.0464,-77.0428,2026-02-13,0.0,24.6,21.8,0.0,Low,1.0,High,1
Lima,-12.0464,-77.0428,2026-02-14,0.2,25.3,22.1,0.0625,Low,0.9375,High,1
Lima,-12.0464,-77.0428,2026-02-15,0.0,24.8,22.1,0.0,Low,1.0,High,1
Lima,-12.0464,-77.0428,2026-02-16,0.0,24.7,21.7,0.0,Low,1.0,High,1
Lima,-12.0464,-77.0428,2026-02-17,0.0,24.1,22.2,0.0,Low,1.0,High,1
Bogota,4.711,-74.0721,2026-02-11,0.0,18.3,11.0,0.0,Low,1.0,High,1
Bogota,4.711,-74.0721,2026-02-12,1.2,18.5,10.8,0.3749999999999999,Medium,0.625,Medium,1
Bogota,4.711,-74.0721,2026-02-13,5.2,17.6,11.9,1.0,High,0.0,Low,1
Bogota,4.711,-74.0721,2026-02-14,2.7,17.9,10.4,0.84375,High,0.15625,Low,1
Bogota,4.711,-74.0721,2026-02-15,0.6,15.7,11.0,0.1874999999999999,Low,0.8125,High,1
Bogota,4.711,-74.0721,2026-02-16,7.8,17.1,10.6,1.0,High,0.0,Low,1
Bogota,4.711,-74.0721,2026-02-17,0.0,16.5,10.1,0.0,Low,1.0,High,1
Santiago,-33.4489,-70.6693,2026-02-11,0.0,31.2,13.2,0.0,Low,1.0,High,1
Santiago,-33.4489,-70.6693,2026-02-12,0.0,31.5,13.6,0.0,Low,1.0,High,1
Santiago,-33.4489,-70.6693,2026-02-13,0.0,34.1,15.0,0.0,Low,1.0,High,1
Santiago,-33.4489,-70.6693,2026-02-14,0.0,31.9,16.7,0.0,Low,1.0,High,1
Santiago,-33.4489,-70.6693,2026-02-15,0.0,32.5,14.2,0.0,Low,1.0,High,1
Santiago,-33.4489,-70.6693,2026-02-16,0.0,30.8,12.8,0.0,Low,1.0,High,1
Santiago,-33.4489,-70.6693,2026-02-17,0.0,34.7,13.7,0.0,Low,1.0,High,1
Caracas,10.4806,-66.9036,2026-02-11,0.0,27.5,18.1,0.0,Low,1.0,High,1
Caracas,10.4806,-66.9036,2026-02-12,0.0,27.4,19.8,0.0,Low,1.0,High,1
Caracas,10.4806,-66.9036,2026-02-13,0.0,29.0,20.7,0.0,Low,1.0,High,1
Caracas,10.4806,-66.9036,2026-02-14,9.3,26.8,20.5,1.0,High,0.0,Low,1
Caracas,10.4806,-66.9036,2026-02-15,10.2,25.6,19.7,1.0,High,0.0,Low,1
Caracas,10.4806,-66.9036,2026-02-16,2.4,26.8,20.0,0.7499999999999999,High,0.2500000000000001,Low,1
Caracas,10.4806,-66.9036,2026-02-17,0.3,27.6,19.4,0.0937499999999999,Low,0.90625,High,1
Quito,-0.1807,-78.4678,2026-02-11,2.3,14.3,9.8,0.0765645805592543,Low,0.9234354194407456,High,1
Quito,-0.1807,-78.4678,2026-02-12,2.0,13.1,9.3,0.066577896138482,Low,0.933422103861518,High,1
Quito,-0.1807,-78.4678,2026-02-13,8.2,12.5,9.5,0.2729693741677762,Low,0.7270306258322238,High,1
Quito,-0.1807,-78.4678,2026-02-14,20.6,13.3,9.1,0.6857523302263648,Medium,0.3142476697736351,Medium,1
Quito,-0.1807,-78.4678,2026-02-15,6.3,12.7,9.3,0.2097203728362183,Low,0.7902796271637816,High,1
Quito,-0.1807,-78.4678,2026-02-16,9.3,12.4,9.1,0.3095872170439414,Medium,0.6904127829560586,Medium,1
Quito,-0.1807,-78.4678,2026-02-17,7.8,13.1,9.1,0.2596537949400798,Low,0.7403462050599201,High,1
Brasilia,-15.8267,-47.9218,2026-02-11,0.4,24.6,17.8,0.125,Low,0.875,High,1
Brasilia,-15.8267,-47.9218,2026-02-12,1.8,26.2,18.6,0.5625,Medium,0.4375,Medium,1
Brasilia,-15.8267,-47.9218,2026-02-13,0.0,28.5,18.0,0.0,Low,1.0,High,1
Brasilia,-15.8267,-47.9218,2026-02-14,0.0,28.1,18.1,0.0,Low,1.0,High,1
Brasilia,-15.8267,-47.9218,2026-02-15,0.0,29.2,19.5,0.0,Low,1.0,High,1
Brasilia,-15.8267,-47.9218,2026-02-16,0.0,29.1,19.7,0.0,Low,1.0,High,1
Brasilia,-15.8267,-47.9218,2026-02-17,0.0,29.8,20.4,0.0,Low,1.0,High,1
Montevideo,-34.9011,-56.1645,2026-02-11,0.0,27.3,21.4,0.0,Low,1.0,High,1
Montevideo,-34.9011,-56.1645,2026-02-12,0.2,24.0,19.1,0.0625,Low,0.9375,High,1
Montevideo,-34.9011,-56.1645,2026-02-13,0.0,23.7,18.1,0.0,Low,1.0,High,1
Montevideo,-34.9011,-56.1645,2026-02-14,0.0,24.8,15.2,0.0,Low,1.0,High,1
Montevideo,-34.9011,-56.1645,2026-02-15,2.1,25.6,16.3,0.65625,Medium,0.34375,Medium,1
Montevideo,-34.9011,-56.1645,2026-02-16,0.0,27.7,20.9,0.0,Low,1.0,High,1
Montevideo,-34.9011,-56.1645,2026-02-17,22.8,28.6,22.3,1.0,High,0.0,Low,1
Cairo,30.0444,31.2357,2026-02-11,0.0,23.6,12.6,0.0,Low,1.0,High,1
Cairo,30.0444,31.2357,2026-02-12,0.0,24.8,13.2,0.0,Low,1.0,High,1
Cairo,30.0444,31.2357,2026-02-13,0.0,28.5,16.3,0.0,Low,1.0,High,1
Cairo,30.0444,31.2357,2026-02-14,0.0,24.6,13.8,0.0,Low,1.0,High,1
Cairo,30.0444,31.2357,2026-02-15,0.0,30.5,11.7,0.0,Low,1.0,High,1
Cairo,30.0444,31.2357,2026-02-16,0.0,28.3,14.6,0.0,Low,1.0,High,1
Cairo,30.0444,31.2357,2026-02-17,0.0,21.8,10.8,0.0,Low,1.0,High,1
Lagos,6.5244,3.3792,2026-02-11,0.0,32.0,26.1,0.0,Low,1.0,High,1
Lagos,6.5244,3.3792,2026-02-12,0.2,32.6,26.0,0.0625,Low,0.9375,High,1
Lagos,6.5244,3.3792,2026-02-13,5.3,31.3,27.2,1.0,High,0.0,Low,1
Lagos,6.5244,3.3792,2026-02-14,3.9,31.7,26.3,1.0,High,0.0,Low,1
Lagos,6.5244,3.3792,2026-02-15,3.6,31.5,26.8,1.0,High,0.0,Low,1
Lagos,6.5244,3.3792,2026-02-16,0.6,33.7,27.0,0.1874999999999999,Low,0.8125,High,1
Lagos,6.5244,3.3792,2026-02-17,0.6,33.0,27.1,0.1874999999999999,Low,0.8125,High,1
Nairobi,-1.2921,36.8219,2026-02-11,0.0,26.7,15.5,0.0,Low,1.0,High,1
Nairobi,-1.2921,36.8219,2026-02-12,0.0,28.2,15.6,0.0,Low,1.0,High,1
Nairobi,-1.2921,36.8219,2026-02-13,0.0,28.3,15.1,0.0,Low,1.0,High,1
Nairobi,-1.2921,36.8219,2026-02-14,0.2,27.8,15.5,0.0625,Low,0.9375,High,1
Nairobi,-1.2921,36.8219,2026-02-15,1.0,26.8,16.1,0.3125,Medium,0.6875,Medium,1
Nairobi,-1.2921,36.8219,2026-02-16,0.3,28.6,16.2,0.0937499999999999,Low,0.90625,High,1
Nairobi,-1.2921,36.8219,2026-02-17,15.9,24.3,16.6,1.0,High,0.0,Low,1
Johannesburg,-26.2041,28.0473,2026-02-11,0.0,28.9,16.0,0.0,Low,1.0,High,1
Johannesburg,-26.2041,28.0473,2026-02-12,0.8,29.6,17.7,0.25,Low,0.75,High,1
Johannesburg,-26.2041,28.0473,2026-02-13,17.1,25.6,17.4,1.0,High,0.0,Low,1
Johannesburg,-26.2041,28.0473,2026-02-14,3.3,23.8,17.2,1.0,High,0.0,Low,1
Johannesburg,-26.2041,28.0473,2026-02-15,1.5,22.6,13.2,0.46875,Medium,0.53125,Medium,1
Johannesburg,-26.2041,28.0473,2026-02-16,0.0,21.3,11.2,0.0,Low,1.0,High,1
Johannesburg,-26.2041,28.0473,2026-02-17,0.0,23.0,11.2,0.0,Low,1.0,High,1
Casablanca,33.5731,-7.5898,2026-02-11,0.0,20.0,15.3,0.0,Low,1.0,High,1
Casablanca,33.5731,-7.5898,2026-02-12,0.0,19.2,12.6,0.0,Low,1.0,High,1
Casablanca,33.5731,-7.5898,2026-02-13,3.5,17.7,13.3,1.0,High,0.0,Low,1
Casablanca,33.5731,-7.5898,2026-02-14,1.0,15.9,10.0,0.3125,Medium,0.6875,Medium,1
Casablanca,33.5731,-7.5898,2026-02-15,0.0,17.1,7.8,0.0,Low,1.0,High,1
Casablanca,33.5731,-7.5898,2026-02-16,0.0,17.2,10.3,0.0,Low,1.0,High,1
Casablanca,33.5731,-7.5898,2026-02-17,0.0,17.5,11.8,0.0,Low,1.0,High,1
Rabat,34.0209,-6.8417,2026-02-11,0.0,19.4,14.5,0.0,Low,1.0,High,1
Rabat,34.0209,-6.8417,2026-02-12,0.0,19.9,12.6,0.0,Low,1.0,High,1
Rabat,34.0209,-6.8417,2026-02-13,9.5,17.7,13.1,1.0,High,0.0,Low,1
Rabat,34.0209,-6.8417,2026-02-14,4.5,15.5,11.1,1.0,High,0.0,Low,1
Rabat,34.0209,-6.8417,2026-02-15,0.0,16.8,8.5,0.0,Low,1.0,High,1
Rabat,34.0209,-6.8417,2026-02-16,0.0,16.1,9.2,0.0,Low,1.0,High,1
Rabat,34.0209,-6.8417,2026-02-17,0.0,15.9,13.2,0.0,Low,1.0,High,1
Algiers,36.7538,3.0588,2026-02-11,0.0,21.6,19.0,0.0,Low,1.0,High,1
Algiers,36.7538,3.0588,2026-02-12,0.0,20.0,15.9,0.0,Low,1.0,High,1
Algiers,36.7538,3.0588,2026-02-13,1.3,21.9,14.4,0.40625,Medium,0.59375,Medium,1
Algiers,36.7538,3.0588,2026-02-14,8.8,14.2,11.2,1.0,High,0.0,Low,1
Algiers,36.7538,3.0588,2026-02-15,0.0,15.3,10.5,0.0,Low,1.0,High,1
Algiers,36.7538,3.0588,2026-02-16,0.0,18.9,12.0,0.0,Low,1.0,High,1
Algiers,36.7538,3.0588,2026-02-17,0.0,18.0,12.2,0.0,Low,1.0,High,1
Accra,5.6037,-0.187,2026-02-11,0.0,29.9,24.3,0.0,Low,1.0,High,1
Accra,5.6037,-0.187,2026-02-12,0.0,31.8,24.5,0.0,Low,1.0,High,1
Accra,5.6037,-0.187,2026-02-13,0.0,31.9,25.5,0.0,Low,1.0,High,1
Accra,5.6037,-0.187,2026-02-14,0.0,32.5,25.3,0.0,Low,1.0,High,1
Accra,5.6037,-0.187,2026-02-15,0.0,32.5,25.8,0.0,Low,1.0,High,1
Accra,5.6037,-0.187,2026-02-16,0.0,32.7,25.5,0.0,Low,1.0,High,1
Accra,5.6037,-0.187,2026-02-17,0.0,32.9,25.8,0.0,Low,1.0,High,1
Kampala,0.3476,32.5825,2026-02-11,2.4,25.5,16.4,0.7499999999999999,High,0.2500000000000001,Low,1
Kampala,0.3476,32.5825,2026-02-12,0.2,27.5,16.2,0.0625,Low,0.9375,High,1
Kampala,0.3476,32.5825,2026-02-13,7.6,27.0,18.6,1.0,High,0.0,Low,1
Kampala,0.3476,32.5825,2026-02-14,4.4,26.4,19.1,1.0,High,0.0,Low,1
Kampala,0.3476,32.5825,2026-02-15,5.4,26.0,18.8,1.0,High,0.0,Low,1
Kampala,0.3476,32.5825,2026-02-16,0.0,28.0,18.5,0.0,Low,1.0,High,1
Kampala,0.3476,32.5825,2026-02-17,7.8,26.5,18.0,1.0,High,0.0,Low,1
Addis_Ababa,9.03,38.74,2026-02-11,0.2,23.5,12.8,0.0625,Low,0.9375,High,1
Addis_Ababa,9.03,38.74,2026-02-12,2.0,22.9,13.4,0.625,Medium,0.375,Medium,1
Addis_Ababa,9.03,38.74,2026-02-13,0.4,21.8,12.2,0.125,Low,0.875,High,1
Addis_Ababa,9.03,38.74,2026-02-14,0.0,23.8,12.5,0.0,Low,1.0,High,1
Addis_Ababa,9.03,38.74,2026-02-15,0.0,23.7,12.3,0.0,Low,1.0,High,1
Addis_Ababa,9.03,38.74,2026-02-16,0.0,24.4,10.5,0.0,Low,1.0,High,1
Addis_Ababa,9.03,38.74,2026-02-17,0.0,24.7,12.1,0.0,Low,1.0,High,1
Tokyo,35.6895,139.6917,2026-02-12,0.0,10.6,3.2,0.0,Low,1.0,High,1
Tokyo,35.6895,139.6917,2026-02-13,0.0,11.5,1.3,0.0,Low,1.0,High,1
Tokyo,35.6895,139.6917,2026-02-14,0.0,14.1,1.6,0.0,Low,1.0,High,1
Tokyo,35.6895,139.6917,2026-02-15,0.0,15.4,5.1,0.0,Low,1.0,High,1
Tokyo,35.6895,139.6917,2026-02-16,0.0,15.1,6.2,0.0,Low,1.0,High,1
Tokyo,35.6895,139.6917,2026-02-17,0.5,8.4,4.1,0.15625,Low,0.84375,High,1
Tokyo,35.6895,139.6917,2026-02-18,0.1,8.9,4.5,0.03125,Low,0.96875,High,1
Beijing,39.9042,116.4074,2026-02-11,0.0,9.8,-1.5,0.0,Low,1.0,High,1
Beijing,39.9042,116.4074,2026-02-12,0.0,14.6,-0.4,0.0,Low,1.0,High,1
Beijing,39.9042,116.4074,2026-02-13,0.0,14.8,2.3,0.0,Low,1.0,High,1
Beijing,39.9042,116.4074,2026-02-14,0.0,16.0,0.7,0.0,Low,1.0,High,1
Beijing,39.9042,116.4074,2026-02-15,0.0,5.6,-1.0,0.0,Low,1.0,High,1
Beijing,39.9042,116.4074,2026-02-16,0.0,5.2,-3.5,0.0,Low,1.0,High,1
Beijing,39.9042,116.4074,2026-02-17,0.0,10.6,-2.5,0.0,Low,1.0,High,1
Shanghai,31.2304,121.4737,2026-02-11,0.0,12.9,1.2,0.0,Low,1.0,High,1
Shanghai,31.2304,121.4737,2026-02-12,0.0,15.4,2.4,0.0,Low,1.0,High,1
Shanghai,31.2304,121.4737,2026-02-13,0.0,18.5,5.1,0.0,Low,1.0,High,1
Shanghai,31.2304,121.4737,2026-02-14,0.0,21.2,7.7,0.0,Low,1.0,High,1
Shanghai,31.2304,121.4737,2026-02-15,10.2,14.5,7.9,1.0,High,0.0,Low,1
Shanghai,31.2304,121.4737,2026-02-16,6.6,8.2,4.4,1.0,High,0.0,Low,1
Shanghai,31.2304,121.4737,2026-02-17,0.0,7.2,2.8,0.0,Low,1.0,High,1
Delhi,28.6139,77.209,2026-02-11,0.0,26.3,14.2,0.0,Low,1.0,High,1
Delhi,28.6139,77.209,2026-02-12,0.0,24.5,10.5,0.0,Low,1.0,High,1
Delhi,28.6139,77.209,2026-02-13,0.0,24.0,9.8,0.0,Low,1.0,High,1
Delhi,28.6139,77.209,2026-02-14,0.0,25.8,10.9,0.0,Low,1.0,High,1
Delhi,28.6139,77.209,2026-02-15,0.0,26.7,12.3,0.0,Low,1.0,High,1
Delhi,28.6139,77.209,2026-02-16,0.0,27.5,13.1,0.0,Low,1.0,High,1
Delhi,28.6139,77.209,2026-02-17,0.0,27.1,13.1,0.0,Low,1.0,High,1
Mumbai,19.076,72.8777,2026-02-11,0.0,27.1,24.8,0.0,Low,1.0,High,1
Mumbai,19.076,72.8777,2026-02-12,0.0,26.7,25.1,0.0,Low,1.0,High,1
Mumbai,19.076,72.8777,2026-02-13,0.0,26.5,25.0,0.0,Low,1.0,High,1
Mumbai,19.076,72.8777,2026-02-14,0.0,27.1,25.6,0.0,Low,1.0,High,1
Mumbai,19.076,72.8777,2026-02-15,0.0,27.3,25.8,0.0,Low,1.0,High,1
Mumbai,19.076,72.8777,2026-02-16,0.0,27.1,25.6,0.0,Low,1.0,High,1
Mumbai,19.076,72.8777,2026-02-17,0.0,26.3,25.4,0.0,Low,1.0,High,1
Seoul,37.5665,126.978,2026-02-12,0.0,7.3,-5.4,0.0,Low,1.0,High,1
Seoul,37.5665,126.978,2026-02-13,0.0,8.8,-0.6,0.0,Low,1.0,High,1
Seoul,37.5665,126.978,2026-02-14,0.0,11.0,1.8,0.0,Low,1.0,High,1
Seoul,37.5665,126.978,2026-02-15,0.0,10.0,0.4,0.0,Low,1.0,High,1
Seoul,37.5665,126.978,2026-02-16,0.0,9.8,-3.5,0.0,Low,1.0,High,1
Seoul,37.5665,126.978,2026-02-17,0.0,8.4,-0.4,0.0,Low,1.0,High,1
Seoul,37.5665,126.978,2026-02-18,0.0,8.8,-2.7,0.0,Low,1.0,High,1
Bangkok,13.7563,100.5018,2026-02-11,0.0,35.8,23.5,0.0,Low,1.0,High,1
Bangkok,13.7563,100.5018,2026-02-12,0.0,35.2,24.5,0.0,Low,1.0,High,1
Bangkok,13.7563,100.5018,2026-02-13,0.0,34.7,25.3,0.0,Low,1.0,High,1
Bangkok,13.7563,100.5018,2026-02-14,0.0,32.9,24.4,0.0,Low,1.0,High,1
Bangkok,13.7563,100.5018,2026-02-15,0.0,35.0,24.3,0.0,Low,1.0,High,1
Bangkok,13.7563,100.5018,2026-02-16,0.0,33.6,25.3,0.0,Low,1.0,High,1
Bangkok,13.7563,100.5018,2026-02-17,3.9,32.1,26.4,1.0,High,0.0,Low,1
Singapore,1.3521,103.8198,2026-02-11,0.8,32.1,24.7,0.0231682594845062,Low,0.9768317405154938,High,1
Singapore,1.3521,103.8198,2026-02-12,1.2,32.0,24.3,0.0347523892267593,Low,0.9652476107732406,High,1
Singapore,1.3521,103.8198,2026-02-13,4.2,30.5,24.5,0.1216333622936576,Low,0.8783666377063423,High,1
Singapore,1.3521,103.8198,2026-02-14,8.0,32.1,24.5,0.2316825948450622,Low,0.7683174051549377,High,1
Singapore,1.3521,103.8198,2026-02-15,2.4,30.2,24.5,0.0695047784535186,Low,0.9304952215464812,High,1
Singapore,1.3521,103.8198,2026-02-16,7.5,30.5,24.4,0.2172024326672458,Low,0.7827975673327541,High,1
Singapore,1.3521,103.8198,2026-02-17,5.1,28.8,24.6,0.1476976542137272,Low,0.8523023457862728,High,1
Jakarta,-6.2088,106.8456,2026-02-11,4.5,31.1,24.6,1.0,High,0.0,Low,1
Jakarta,-6.2088,106.8456,2026-02-12,4.9,31.0,24.8,1.0,High,0.0,Low,1
Jakarta,-6.2088,106.8456,2026-02-13,0.6,31.1,24.5,0.1874999999999999,Low,0.8125,High,1
Jakarta,-6.2088,106.8456,2026-02-14,3.7,31.0,25.3,1.0,High,0.0,Low,1
Jakarta,-6.2088,106.8456,2026-02-15,7.5,31.5,25.5,1.0,High,0.0,Low,1
Jakarta,-6.2088,106.8456,2026-02-16,9.3,31.2,24.9,1.0,High,0.0,Low,1
Jakarta,-6.2088,106.8456,2026-02-17,10.0,30.7,25.3,1.0,High,0.0,Low,1
Kuala_Lumpur,3.139,101.6869,2026-02-11,14.5,33.4,24.8,1.0,High,0.0,Low,1
Kuala_Lumpur,3.139,101.6869,2026-02-12,11.4,33.5,24.4,1.0,High,0.0,Low,1
Kuala_Lumpur,3.139,101.6869,2026-02-13,5.7,33.0,24.8,1.0,High,0.0,Low,1
Kuala_Lumpur,3.139,101.6869,2026-02-14,14.7,31.7,25.0,1.0,High,0.0,Low,1
Kuala_Lumpur,3.139,101.6869,2026-02-15,19.2,31.3,24.3,1.0,High,0.0,Low,1
Kuala_Lumpur,3.139,101.6869,2026-02-16,19.5,31.7,23.9,1.0,High,0.0,Low,1
Kuala_Lumpur,3.139,101.6869,2026-02-17,20.7,31.8,24.1,1.0,High,0.0,Low,1
Manila,14.5995,120.9842,2026-02-11,0.0,28.1,24.4,0.0,Low,1.0,High,1
Manila,14.5995,120.9842,2026-02-12,0.0,28.6,25.6,0.0,Low,1.0,High,1
Manila,14.5995,120.9842,2026-02-13,0.0,28.7,25.3,0.0,Low,1.0,High,1
Manila,14.5995,120.9842,2026-02-14,2.0,27.0,26.1,0.625,Medium,0.375,Medium,1
Manila,14.5995,120.9842,2026-02-15,0.0,28.8,26.0,0.0,Low,1.0,High,1
Manila,14.5995,120.9842,2026-02-16,0.0,28.0,24.9,0.0,Low,1.0,High,1
Manila,14.5995,120.9842,2026-02-17,0.0,29.2,25.1,0.0,Low,1.0,High,1
Tehran,35.6892,51.389,2026-02-11,0.6,16.3,9.5,0.1874999999999999,Low,0.8125,High,1
Tehran,35.6892,51.389,2026-02-11,0.6,16.3,9.5,0.1874999999999999,Low,0.8125,High,1
Tehran,35.6892,51.389,2026-02-12,0.0,15.8,7.3,0.0,Low,1.0,High,1
Tehran,35.6892,51.389,2026-02-12,0.0,15.8,7.3,0.0,Low,1.0,High,1
Tehran,35.6892,51.389,2026-02-13,0.0,17.6,6.5,0.0,Low,1.0,High,1
Tehran,35.6892,51.389,2026-02-13,0.0,17.6,6.5,0.0,Low,1.0,High,1
Tehran,35.6892,51.389,2026-02-14,0.2,18.1,7.2,0.0625,Low,0.9375,High,1
Tehran,35.6892,51.389,2026-02-14,0.2,18.1,7.2,0.0625,Low,0.9375,High,1
Tehran,35.6892,51.389,2026-02-15,3.4,16.4,8.4,1.0,High,0.0,Low,1
Tehran,35.6892,51.389,2026-02-15,3.4,16.4,8.4,1.0,High,0.0,Low,1
Tehran,35.6892,51.389,2026-02-16,0.0,16.6,5.7,0.0,Low,1.0,High,1
Tehran,35.6892,51.389,2026-02-16,0.0,16.6,5.7,0.0,Low,1.0,High,1
Tehran,35.6892,51.389,2026-02-17,0.0,17.3,6.5,0.0,Low,1.0,High,1
Tehran,35.6892,51.389,2026-02-17,0.0,17.3,6.5,0.0,Low,1.0,High,1
Sydney,-33.8688,151.2093,2026-02-12,0.9,27.2,18.7,0.28125,Low,0.71875,High,1
Sydney,-33.8688,151.2093,2026-02-13,0.0,22.1,17.8,0.0,Low,1.0,High,1
Sydney,-33.8688,151.2093,2026-02-14,0.0,22.9,17.2,0.0,Low,1.0,High,1
Sydney,-33.8688,151.2093,2026-02-15,3.3,20.7,18.2,1.0,High,0.0,Low,1
Sydney,-33.8688,151.2093,2026-02-16,0.0,25.1,16.6,0.0,Low,1.0,High,1
Sydney,-33.8688,151.2093,2026-02-17,0.0,28.7,17.3,0.0,Low,1.0,High,1
Sydney,-33.8688,151.2093,2026-02-18,0.0,33.1,18.2,0.0,Low,1.0,High,1
Melbourne,-37.8136,144.9631,2026-02-12,0.0,19.3,12.7,0.0,Low,1.0,High,1
Melbourne,-37.8136,144.9631,2026-02-13,0.0,20.7,15.4,0.0,Low,1.0,High,1
Melbourne,-37.8136,144.9631,2026-02-14,0.0,24.9,13.8,0.0,Low,1.0,High,1
Melbourne,-37.8136,144.9631,2026-02-15,0.0,30.2,15.5,0.0,Low,1.0,High,1
Melbourne,-37.8136,144.9631,2026-02-16,0.0,34.1,18.5,0.0,Low,1.0,High,1
Melbourne,-37.8136,144.9631,2026-02-17,0.0,34.5,21.6,0.0,Low,1.0,High,1
Melbourne,-37.8136,144.9631,2026-02-18,0.0,27.3,19.4,0.0,Low,1.0,High,1
Auckland,-36.8485,174.7633,2026-02-12,0.0,24.2,19.7,0.0,Low,1.0,High,1
Auckland,-36.8485,174.7633,2026-02-13,6.4,22.9,21.5,1.0,High,0.0,Low,1
Auckland,-36.8485,174.7633,2026-02-14,0.4,22.8,18.4,0.125,Low,0.875,High,1
Auckland,-36.8485,174.7633,2026-02-15,0.0,22.1,17.0,0.0,Low,1.0,High,1
Auckland,-36.8485,174.7633,2026-02-16,0.0,22.0,14.9,0.0,Low,1.0,High,1
Auckland,-36.8485,174.7633,2026-02-17,0.6,23.4,18.3,0.1874999999999999,Low,0.8125,High,1
Auckland,-36.8485,174.7633,2026-02-18,0.0,23.7,17.6,0.0,Low,1.0,High,1
Brisbane,-27.4698,153.0251,2026-02-12,10.8,35.4,23.4,1.0,High,0.0,Low,1
Brisbane,-27.4698,153.0251,2026-02-13,185.3,25.7,23.0,1.0,High,0.0,Low,1
Brisbane,-27.4698,153.0251,2026-02-14,10.7,23.0,21.6,1.0,High,0.0,Low,1
Brisbane,-27.4698,153.0251,2026-02-15,3.3,23.6,21.1,1.0,High,0.0,Low,1
Brisbane,-27.4698,153.0251,2026-02-16,1.1,26.1,20.8,0.34375,Medium,0.65625,Medium,1
Brisbane,-27.4698,153.0251,2026-02-17,0.3,28.5,21.3,0.0937499999999999,Low,0.90625,High,1
Brisbane,-27.4698,153.0251,2026-02-18,0.0,29.4,21.0,0.0,Low,1.0,High,1
Perth,-31.9505,115.8605,2026-02-11,0.0,28.0,19.3,0.0,Low,1.0,High,1
Perth,-31.9505,115.8605,2026-02-12,0.0,26.1,17.2,0.0,Low,1.0,High,1
Perth,-31.9505,115.8605,2026-02-13,0.0,27.3,17.9,0.0,Low,1.0,High,1
Perth,-31.9505,115.8605,2026-02-14,0.9,31.4,21.5,0.28125,Low,0.71875,High,1
Perth,-31.9505,115.8605,2026-02-15,0.3,26.6,22.8,0.0937499999999999,Low,0.90625,High,1
Perth,-31.9505,115.8605,2026-02-16,0.0,27.4,22.6,0.0,Low,1.0,High,1
Perth,-31.9505,115.8605,2026-02-17,0.0,25.4,22.6,0.0,Low,1.0,High,1
Wellington,-41.2865,174.7762,2026-02-12,0.0,22.0,16.7,0.0,Low,1.0,High,1
Wellington,-41.2865,174.7762,2026-02-13,1.0,22.0,19.6,0.3125,Medium,0.6875,Medium,1
Wellington,-41.2865,174.7762,2026-02-14,0.8,19.8,15.5,0.25,Low,0.75,High,1
Wellington,-41.2865,174.7762,2026-02-15,0.0,15.7,15.0,0.0,Low,1.0,High,1
Wellington,-41.2865,174.7762,2026-02-16,0.0,16.7,14.8,0.0,Low,1.0,High,1
Wellington,-41.2865,174.7762,2026-02-17,0.0,16.5,15.5,0.0,Low,1.0,High,1
Wellington,-41.2865,174.7762,2026-02-18,0.0,16.6,15.4,0.0,Low,1.0,High,1
Dubai,25.276987,55.296249,2026-02-11,0.0,26.5,18.8,0.0,Low,1.0,High,1
Dubai,25.276987,55.296249,2026-02-12,0.0,28.2,21.3,0.0,Low,1.0,High,1
Dubai,25.276987,55.296249,2026-02-13,0.0,26.6,20.7,0.0,Low,1.0,High,1
Dubai,25.276987,55.296249,2026-02-14,0.0,25.9,19.2,0.0,Low,1.0,High,1
Dubai,25.276987,55.296249,2026-02-15,0.0,25.1,18.9,0.0,Low,1.0,High,1
Dubai,25.276987,55.296249,2026-02-16,0.0,23.4,21.4,0.0,Low,1.0,High,1
Dubai,25.276987,55.296249,2026-02-17,0.0,23.6,19.8,0.0,Low,1.0,High,1
Riyadh,24.7136,46.6753,2026-02-11,0.0,30.2,20.4,0.0,Low,1.0,High,1
Riyadh,24.7136,46.6753,2026-02-11,0.0,30.2,20.4,0.0,Low,1.0,High,1
Riyadh,24.7136,46.6753,2026-02-12,0.0,29.7,17.0,0.0,Low,1.0,High,1
Riyadh,24.7136,46.6753,2026-02-12,0.0,29.7,17.0,0.0,Low,1.0,High,1
Riyadh,24.7136,46.6753,2026-02-13,0.0,29.5,17.5,0.0,Low,1.0,High,1
Riyadh,24.7136,46.6753,2026-02-13,0.0,29.5,17.5,0.0,Low,1.0,High,1
Riyadh,24.7136,46.6753,2026-02-14,0.0,29.4,17.1,0.0,Low,1.0,High,1
Riyadh,24.7136,46.6753,2026-02-14,0.0,29.4,17.1,0.0,Low,1.0,High,1
Riyadh,24.7136,46.6753,2026-02-15,0.0,25.8,18.5,0.0,Low,1.0,High,1
Riyadh,24.7136,46.6753,2026-02-15,0.0,25.8,18.5,0.0,Low,1.0,High,1
Riyadh,24.7136,46.6753,2026-02-16,0.0,24.6,14.8,0.0,Low,1.0,High,1
Riyadh,24.7136,46.6753,2026-02-16,0.0,24.6,14.8,0.0,Low,1.0,High,1
Riyadh,24.7136,46.6753,2026-02-17,0.0,27.2,12.8,0.0,Low,1.0,High,1
Riyadh,24.7136,46.6753,2026-02-17,0.0,27.2,12.8,0.0,Low,1.0,High,1
Tel_Aviv,32.0853,34.7818,2026-02-11,0.2,20.1,14.4,0.0625,Low,0.9375,High,1
Tel_Aviv,32.0853,34.7818,2026-02-12,0.0,22.4,13.4,0.0,Low,1.0,High,1
Tel_Aviv,32.0853,34.7818,2026-02-13,0.2,27.3,15.5,0.0625,Low,0.9375,High,1
Tel_Aviv,32.0853,34.7818,2026-02-14,0.1,20.9,14.0,0.03125,Low,0.96875,High,1
Tel_Aviv,32.0853,34.7818,2026-02-15,0.0,24.6,11.0,0.0,Low,1.0,High,1
Tel_Aviv,32.0853,34.7818,2026-02-16,0.0,20.2,15.3,0.0,Low,1.0,High,1
Tel_Aviv,32.0853,34.7818,2026-02-17,0.0,18.6,17.4,0.0,Low,1.0,High,1
Doha,25.276987,51.52,2026-02-11,0.0,28.7,16.2,0.0,Low,1.0,High,1
Doha,25.276987,51.52,2026-02-12,0.0,27.6,16.9,0.0,Low,1.0,High,1
Doha,25.276987,51.52,2026-02-13,0.0,30.2,16.5,0.0,Low,1.0,High,1
Doha,25.276987,51.52,2026-02-14,0.0,30.5,17.0,0.0,Low,1.0,High,1
Doha,25.276987,51.52,2026-02-15,0.0,29.4,17.0,0.0,Low,1.0,High,1
Doha,25.276987,51.52,2026-02-16,0.0,24.7,15.6,0.0,Low,1.0,High,1
Doha,25.276987,51.52,2026-02-17,0.0,27.0,13.6,0.0,Low,1.0,High,1
Amman,31.9454,35.9284,2026-02-11,0.0,15.2,10.0,0.0,Low,1.0,High,1
Amman,31.9454,35.9284,2026-02-12,0.0,16.1,8.2,0.0,Low,1.0,High,1
Amman,31.9454,35.9284,2026-02-13,0.0,19.8,9.8,0.0,Low,1.0,High,1
Amman,31.9454,35.9284,2026-02-14,0.0,16.4,10.3,0.0,Low,1.0,High,1
Amman,31.9454,35.9284,2026-02-15,0.0,19.8,8.1,0.0,Low,1.0,High,1
Amman,31.9454,35.9284,2026-02-16,0.0,26.7,12.9,0.0,Low,1.0,High,1
Amman,31.9454,35.9284,2026-02-17,0.0,19.4,14.3,0.0,Low,1.0,High,1
Baghdad,33.3152,44.3661,2026-02-11,0.0,22.5,14.9,0.0,Low,1.0,High,1
Baghdad,33.3152,44.3661,2026-02-11,0.0,22.5,14.9,0.0,Low,1.0,High,1
Baghdad,33.3152,44.3661,2026-02-12,0.0,24.6,14.0,0.0,Low,1.0,High,1
Baghdad,33.3152,44.3661,2026-02-12,0.0,24.6,14.0,0.0,Low,1.0,High,1
Baghdad,33.3152,44.3661,2026-02-13,0.0,25.9,15.1,0.0,Low,1.0,High,1
Baghdad,33.3152,44.3661,2026-02-13,0.0,25.9,15.1,0.0,Low,1.0,High,1
Baghdad,33.3152,44.3661,2026-02-14,0.0,24.6,17.2,0.0,Low,1.0,High,1
Baghdad,33.3152,44.3661,2026-02-14,0.0,24.6,17.2,0.0,Low,1.0,High,1
Baghdad,33.3152,44.3661,2026-02-15,0.0,23.3,13.6,0.0,Low,1.0,High,1
Baghdad,33.3152,44.3661,2026-02-15,0.0,23.3,13.6,0.0,Low,1.0,High,1
Baghdad,33.3152,44.3661,2026-02-16,0.0,23.6,12.8,0.0,Low,1.0,High,1
Baghdad,33.3152,44.3661,2026-02-16,0.0,23.6,12.8,0.0,Low,1.0,High,1
Baghdad,33.3152,44.3661,2026-02-17,0.0,27.7,11.3,0.0,Low,1.0,High,1
Baghdad,33.3152,44.3661,2026-02-17,0.0,27.7,11.3,0.0,Low,1.0,High,1
Kuwait_City,29.3759,47.9774,2026-02-11,0.0,28.2,18.6,0.0,Low,1.0,High,1
Kuwait_City,29.3759,47.9774,2026-02-12,0.0,20.1,18.1,0.0,Low,1.0,High,1
Kuwait_City,29.3759,47.9774,2026-02-13,0.0,24.3,17.9,0.0,Low,1.0,High,1
Kuwait_City,29.3759,47.9774,2026-02-14,0.0,26.7,18.3,0.0,Low,1.0,High,1
Kuwait_City,29.3759,47.9774,2026-02-15,0.0,24.5,18.2,0.0,Low,1.0,High,1
Kuwait_City,29.3759,47.9774,2026-02-16,0.0,23.9,16.2,0.0,Low,1.0,High,1
Kuwait_City,29.3759,47.9774,2026-02-17,0.0,23.9,15.9,0.0,Low,1.0,High,1
Hanoi,21.0285,105.8542,2026-02-11,0.0,20.6,17.1,0.0,Low,1.0,High,1
Hanoi,21.0285,105.8542,2026-02-12,0.0,22.2,17.8,0.0,Low,1.0,High,1
Hanoi,21.0285,105.8542,2026-02-13,0.1,24.0,18.7,0.03125,Low,0.96875,High,1
Hanoi,21.0285,105.8542,2026-02-14,0.2,26.6,19.0,0.0625,Low,0.9375,High,1
Hanoi,21.0285,105.8542,2026-02-15,0.0,27.6,19.2,0.0,Low,1.0,High,1
Hanoi,21.0285,105.8542,2026-02-16,0.0,27.6,19.3,0.0,Low,1.0,High,1
Hanoi,21.0285,105.8542,2026-02-17,0.0,25.1,19.0,0.0,Low,1.0,High,1
Ho_Chi_Minh,10.7626,106.6602,2026-02-11,17.4,29.9,24.5,1.0,High,0.0,Low,1
Ho_Chi_Minh,10.7626,106.6602,2026-02-12,3.1,30.6,23.4,0.96875,High,0.03125,Low,1
Ho_Chi_Minh,10.7626,106.6602,2026-02-13,0.0,32.5,23.7,0.0,Low,1.0,High,1
Ho_Chi_Minh,10.7626,106.6602,2026-02-14,1.9,32.3,24.2,0.5937499999999999,Medium,0.4062500000000001,Medium,1
Ho_Chi_Minh,10.7626,106.6602,2026-02-15,0.9,32.1,24.2,0.28125,Low,0.71875,High,1
Ho_Chi_Minh,10.7626,106.6602,2026-02-16,0.0,33.9,24.5,0.0,Low,1.0,High,1
Ho_Chi_Minh,10.7626,106.6602,2026-02-17,0.0,34.8,23.2,0.0,Low,1.0,High,1
Dhaka,23.8103,90.4125,2026-02-11,0.0,27.2,14.7,0.0,Low,1.0,High,1
Dhaka,23.8103,90.4125,2026-02-12,0.0,27.0,14.2,0.0,Low,1.0,High,1
Dhaka,23.8103,90.4125,2026-02-13,0.0,26.9,12.9,0.0,Low,1.0,High,1
Dhaka,23.8103,90.4125,2026-02-14,0.0,26.7,13.6,0.0,Low,1.0,High,1
Dhaka,23.8103,90.4125,2026-02-15,0.0,26.8,12.9,0.0,Low,1.0,High,1
Dhaka,23.8103,90.4125,2026-02-16,0.0,27.2,13.2,0.0,Low,1.0,High,1
Dhaka,23.8103,90.4125,2026-02-17,0.0,28.2,13.2,0.0,Low,1.0,High,1
Karachi,24.8607,67.0011,2026-02-11,0.0,29.2,19.1,0.0,Low,1.0,High,1
Karachi,24.8607,67.0011,2026-02-12,0.0,29.8,19.2,0.0,Low,1.0,High,1
Karachi,24.8607,67.0011,2026-02-13,0.0,27.7,19.0,0.0,Low,1.0,High,1
Karachi,24.8607,67.0011,2026-02-14,0.0,26.9,20.2,0.0,Low,1.0,High,1
Karachi,24.8607,67.0011,2026-02-15,0.0,26.8,20.4,0.0,Low,1.0,High,1
Karachi,24.8607,67.0011,2026-02-16,0.0,24.7,21.0,0.0,Low,1.0,High,1
Karachi,24.8607,67.0011,2026-02-17,1.5,25.0,21.3,0.46875,Medium,0.53125,Medium,1
Islamabad,33.6844,73.0479,2026-02-11,0.0,18.5,6.7,0.0,Low,1.0,High,1
Islamabad,33.6844,73.0479,2026-02-12,0.0,20.1,7.0,0.0,Low,1.0,High,1
Islamabad,33.6844,73.0479,2026-02-13,0.0,21.1,8.1,0.0,Low,1.0,High,1
Islamabad,33.6844,73.0479,2026-02-14,0.0,21.7,7.9,0.0,Low,1.0,High,1
Islamabad,33.6844,73.0479,2026-02-15,0.0,21.8,8.2,0.0,Low,1.0,High,1
Islamabad,33.6844,73.0479,2026-02-16,0.0,22.2,9.3,0.0,Low,1.0,High,1
Islamabad,33.6844,73.0479,2026-02-17,0.0,22.4,10.7,0.0,Low,1.0,High,1
Colombo,6.9271,79.8612,2026-02-11,0.0,28.3,24.6,0.0,Low,1.0,High,1
Colombo,6.9271,79.8612,2026-02-12,0.0,28.1,25.1,0.0,Low,1.0,High,1
Colombo,6.9271,79.8612,2026-02-13,0.3,28.7,25.7,0.0937499999999999,Low,0.90625,High,1
Colombo,6.9271,79.8612,2026-02-14,0.0,28.4,25.5,0.0,Low,1.0,High,1
Colombo,6.9271,79.8612,2026-02-15,9.0,27.8,25.6,1.0,High,0.0,Low,1
Colombo,6.9271,79.8612,2026-02-16,0.0,29.2,25.4,0.0,Low,1.0,High,1
Colombo,6.9271,79.8612,2026-02-17,0.0,28.8,25.4,0.0,Low,1.0,High,1
Kathmandu,27.7172,85.324,2026-02-11,0.0,21.8,10.1,0.0,Low,1.0,High,1
Kathmandu,27.7172,85.324,2026-02-12,0.0,22.1,10.5,0.0,Low,1.0,High,1
Kathmandu,27.7172,85.324,2026-02-13,0.0,22.6,10.7,0.0,Low,1.0,High,1
Kathmandu,27.7172,85.324,2026-02-14,0.5,22.1,11.2,0.15625,Low,0.84375,High,1
Kathmandu,27.7172,85.324,2026-02-15,0.9,21.8,11.0,0.28125,Low,0.71875,High,1
Kathmandu,27.7172,85.324,2026-02-16,0.0,23.0,10.2,0.0,Low,1.0,High,1
Kathmandu,27.7172,85.324,2026-02-17,0.0,24.1,11.9,0.0,Low,1.0,High,1
Tehran,35.6892,51.389,2026-02-11,0.6,16.3,9.5,0.1874999999999999,Low,0.8125,High,1
Tehran,35.6892,51.389,2026-02-11,0.6,16.3,9.5,0.1874999999999999,Low,0.8125,High,1
Tehran,35.6892,51.389,2026-02-12,0.0,15.8,7.3,0.0,Low,1.0,High,1
Tehran,35.6892,51.389,2026-02-12,0.0,15.8,7.3,0.0,Low,1.0,High,1
Tehran,35.6892,51.389,2026-02-13,0.0,17.6,6.5,0.0,Low,1.0,High,1
Tehran,35.6892,51.389,2026-02-13,0.0,17.6,6.5,0.0,Low,1.0,High,1
Tehran,35.6892,51.389,2026-02-14,0.2,18.1,7.2,0.0625,Low,0.9375,High,1
Tehran,35.6892,51.389,2026-02-14,0.2,18.1,7.2,0.0625,Low,0.9375,High,1
Tehran,35.6892,51.389,2026-02-15,3.4,16.4,8.4,1.0,High,0.0,Low,1
Tehran,35.6892,51.389,2026-02-15,3.4,16.4,8.4,1.0,High,0.0,Low,1
Tehran,35.6892,51.389,2026-02-16,0.0,16.6,5.7,0.0,Low,1.0,High,1
Tehran,35.6892,51.389,2026-02-16,0.0,16.6,5.7,0.0,Low,1.0,High,1
Tehran,35.6892,51.389,2026-02-17,0.0,17.3,6.5,0.0,Low,1.0,High,1
Tehran,35.6892,51.389,2026-02-17,0.0,17.3,6.5,0.0,Low,1.0,High,1
Baghdad,33.3152,44.3661,2026-02-11,0.0,22.5,14.9,0.0,Low,1.0,High,1
Baghdad,33.3152,44.3661,2026-02-11,0.0,22.5,14.9,0.0,Low,1.0,High,1
Baghdad,33.3152,44.3661,2026-02-12,0.0,24.6,14.0,0.0,Low,1.0,High,1
Baghdad,33.3152,44.3661,2026-02-12,0.0,24.6,14.0,0.0,Low,1.0,High,1
Baghdad,33.3152,44.3661,2026-02-13,0.0,25.9,15.1,0.0,Low,1.0,High,1
Baghdad,33.3152,44.3661,2026-02-13,0.0,25.9,15.1,0.0,Low,1.0,High,1
Baghdad,33.3152,44.3661,2026-02-14,0.0,24.6,17.2,0.0,Low,1.0,High,1
Baghdad,33.3152,44.3661,2026-02-14,0.0,24.6,17.2,0.0,Low,1.0,High,1
Baghdad,33.3152,44.3661,2026-02-15,0.0,23.3,13.6,0.0,Low,1.0,High,1
Baghdad,33.3152,44.3661,2026-02-15,0.0,23.3,13.6,0.0,Low,1.0,High,1
Baghdad,33.3152,44.3661,2026-02-16,0.0,23.6,12.8,0.0,Low,1.0,High,1
Baghdad,33.3152,44.3661,2026-02-16,0.0,23.6,12.8,0.0,Low,1.0,High,1
Baghdad,33.3152,44.3661,2026-02-17,0.0,27.7,11.3,0.0,Low,1.0,High,1
Baghdad,33.3152,44.3661,2026-02-17,0.0,27.7,11.3,0.0,Low,1.0,High,1
Riyadh,24.7136,46.6753,2026-02-11,0.0,30.2,20.4,0.0,Low,1.0,High,1
Riyadh,24.7136,46.6753,2026-02-11,0.0,30.2,20.4,0.0,Low,1.0,High,1
Riyadh,24.7136,46.6753,2026-02-12,0.0,29.7,17.0,0.0,Low,1.0,High,1
Riyadh,24.7136,46.6753,2026-02-12,0.0,29.7,17.0,0.0,Low,1.0,High,1
Riyadh,24.7136,46.6753,2026-02-13,0.0,29.5,17.5,0.0,Low,1.0,High,1
Riyadh,24.7136,46.6753,2026-02-13,0.0,29.5,17.5,0.0,Low,1.0,High,1
Riyadh,24.7136,46.6753,2026-02-14,0.0,29.4,17.1,0.0,Low,1.0,High,1
Riyadh,24.7136,46.6753,2026-02-14,0.0,29.4,17.1,0.0,Low,1.0,High,1
Riyadh,24.7136,46.6753,2026-02-15,0.0,25.8,18.5,0.0,Low,1.0,High,1
Riyadh,24.7136,46.6753,2026-02-15,0.0,25.8,18.5,0.0,Low,1.0,High,1
Riyadh,24.7136,46.6753,2026-02-16,0.0,24.6,14.8,0.0,Low,1.0,High,1
Riyadh,24.7136,46.6753,2026-02-16,0.0,24.6,14.8,0.0,Low,1.0,High,1
Riyadh,24.7136,46.6753,2026-02-17,0.0,27.2,12.8,0.0,Low,1.0,High,1
Riyadh,24.7136,46.6753,2026-02-17,0.0,27.2,12.8,0.0,Low,1.0,High,1
Jeddah,21.4858,39.1925,2026-02-11,0.0,30.9,22.1,0.0,Low,1.0,High,1
Jeddah,21.4858,39.1925,2026-02-12,0.0,29.9,22.7,0.0,Low,1.0,High,1
Jeddah,21.4858,39.1925,2026-02-13,0.0,29.6,21.9,0.0,Low,1.0,High,1
Jeddah,21.4858,39.1925,2026-02-14,0.0,30.3,22.1,0.0,Low,1.0,High,1
Jeddah,21.4858,39.1925,2026-02-15,0.0,30.3,21.9,0.0,Low,1.0,High,1
Jeddah,21.4858,39.1925,2026-02-16,0.0,30.2,22.9,0.0,Low,1.0,High,1
Jeddah,21.4858,39.1925,2026-02-17,0.0,30.2,22.5,0.0,Low,1.0,High,1
